{"cameraMode":{"drawMode":0,"name":"Shaded","section":"Shading Mode"},"sceneLighting":true,"audioPlay":false,"sceneViewState":{"m_AlwaysRefresh":false,"showFog":true,"showSkybox":true,"showFlares":true,"showImageEffects":true,"showParticleSystems":true,"showVisualEffectGraphs":true,"m_FxEnabled":true},"in2DMode":false,"pivot":{"x":-2.9019713401794435,"y":5.005002498626709,"z":-11.925976753234864},"rotation":{"x":0.031224705278873445,"y":-0.8742542862892151,"z":0.056740086525678638,"w":0.4811394214630127},"size":5.615727424621582,"orthographic":false}